[
  {
    "id": "fe287916-340f-474a-ba49-eabc24171eee",
    "data": [
      {
        "text": "Ik ben ",
        "userDefined": false
      },
      {
        "text": "Willem",
        "alias": "name",
        "meta": "@sys.given-name",
        "userDefined": false
      },
      {
        "text": " wie ben jij?",
        "userDefined": false
      }
    ],
    "isTemplate": false,
    "count": 0,
    "updated": 0
  },
  {
    "id": "cef2229f-6ac4-417d-8e39-30f187e9f682",
    "data": [
      {
        "text": "Isabelle",
        "alias": "name",
        "meta": "@sys.given-name",
        "userDefined": false
      }
    ],
    "isTemplate": false,
    "count": 0,
    "updated": 0
  },
  {
    "id": "021a121d-c38b-438e-9674-2ba64f6a113a",
    "data": [
      {
        "text": "Ik heet ",
        "userDefined": false
      },
      {
        "text": "Richard",
        "alias": "name",
        "meta": "@sys.given-name",
        "userDefined": false
      }
    ],
    "isTemplate": false,
    "count": 0,
    "updated": 0
  },
  {
    "id": "fbdf0955-f187-4fd7-b992-f20ac26b967f",
    "data": [
      {
        "text": "Mijn naam is ",
        "userDefined": false
      },
      {
        "text": "hans",
        "alias": "name",
        "meta": "@sys.given-name",
        "userDefined": false
      }
    ],
    "isTemplate": false,
    "count": 0,
    "updated": 0
  }
]