[
  {
    "id": "2b9b4ac0-3ac8-4318-9d26-b033baaf8204",
    "data": [
      {
        "text": "niet echt",
        "userDefined": false
      }
    ],
    "isTemplate": false,
    "count": 1,
    "updated": 0
  },
  {
    "id": "56bea669-ba97-40fc-9545-a216852c8ac5",
    "data": [
      {
        "text": "dat wil ik niet",
        "userDefined": false
      }
    ],
    "isTemplate": false,
    "count": 0,
    "updated": 0
  },
  {
    "id": "eab95d1d-bc54-423d-b0f0-c562bbccdcc7",
    "data": [
      {
        "text": "nee",
        "userDefined": false
      }
    ],
    "isTemplate": false,
    "count": 0,
    "updated": 0
  },
  {
    "id": "cc8ae35b-4713-480c-ae1f-87bf7c87e07d",
    "data": [
      {
        "text": "dat vind ik niet",
        "userDefined": false
      }
    ],
    "isTemplate": false,
    "count": 0,
    "updated": 0
  },
  {
    "id": "85e43212-9ee4-4050-9b4e-e30ffda52dd8",
    "data": [
      {
        "text": "doe dat niet",
        "userDefined": false
      }
    ],
    "isTemplate": false,
    "count": 0,
    "updated": 0
  },
  {
    "id": "60ff8532-9c2b-4c81-bb0e-1ceae89f9fa8",
    "data": [
      {
        "text": "geen interesse",
        "userDefined": false
      }
    ],
    "isTemplate": false,
    "count": 0,
    "updated": 0
  },
  {
    "id": "a4bacdcf-64c2-42f8-9e2f-c68ea843bf56",
    "data": [
      {
        "text": "nee bedankt",
        "userDefined": false
      }
    ],
    "isTemplate": false,
    "count": 1,
    "updated": 0
  },
  {
    "id": "fcb367bd-6e25-4d53-971e-b02066573b96",
    "data": [
      {
        "text": "ik dacht het niet",
        "userDefined": false
      }
    ],
    "isTemplate": false,
    "count": 0,
    "updated": 0
  },
  {
    "id": "718024a7-f5c1-400c-badd-68bc56d60db0",
    "data": [
      {
        "text": "absoluut niet",
        "userDefined": false
      }
    ],
    "isTemplate": false,
    "count": 1,
    "updated": 0
  }
]