[
  {
    "id": "9a7154d8-aa47-42d1-b3aa-d9a0e2405882",
    "data": [
      {
        "text": "de ",
        "userDefined": false
      },
      {
        "text": "leeuw",
        "alias": "leeuw",
        "meta": "@leeuw",
        "userDefined": false
      }
    ],
    "isTemplate": false,
    "count": 0,
    "updated": 0
  },
  {
    "id": "a0fc2a8a-6256-442a-8407-ace223b2a12b",
    "data": [
      {
        "text": "leeuw",
        "alias": "leeuw",
        "meta": "@leeuw",
        "userDefined": false
      }
    ],
    "isTemplate": false,
    "count": 0,
    "updated": 0
  },
  {
    "id": "fa387444-65bf-437c-bd24-7b2aef392de5",
    "data": [
      {
        "text": "Het lijkt op ",
        "userDefined": false
      },
      {
        "text": "leeuw",
        "alias": "leeuw",
        "meta": "@leeuw",
        "userDefined": false
      }
    ],
    "isTemplate": false,
    "count": 0,
    "updated": 0
  },
  {
    "id": "34feb909-983a-479a-b694-8ce33f6f3af1",
    "data": [
      {
        "text": "Dat is ",
        "userDefined": false
      },
      {
        "text": "een",
        "meta": "@sys.ignore",
        "userDefined": false
      },
      {
        "text": " ",
        "userDefined": false
      },
      {
        "text": "leeuw",
        "alias": "leeuw",
        "meta": "@leeuw",
        "userDefined": false
      }
    ],
    "isTemplate": false,
    "count": 0,
    "updated": 0
  }
]