[
  {
    "id": "9e7dfc39-3a52-4b5d-93b5-6582f91c49ab",
    "data": [
      {
        "text": "Zebra",
        "alias": "zebra",
        "meta": "@Zebra",
        "userDefined": false
      }
    ],
    "isTemplate": false,
    "count": 0,
    "updated": 0
  },
  {
    "id": "0e79a9de-6e7c-4476-9202-3301247b4d59",
    "data": [
      {
        "text": "Waarschijnlijk ",
        "userDefined": false
      },
      {
        "text": "een",
        "meta": "@sys.ignore",
        "userDefined": false
      },
      {
        "text": " ",
        "userDefined": false
      },
      {
        "text": "zebra",
        "alias": "zebra",
        "meta": "@Zebra",
        "userDefined": false
      }
    ],
    "isTemplate": false,
    "count": 0,
    "updated": 0
  },
  {
    "id": "e37fbe12-f2e6-4dea-873c-14fdfb7e3aa6",
    "data": [
      {
        "text": "Dat is ",
        "userDefined": false
      },
      {
        "text": "een",
        "meta": "@sys.ignore",
        "userDefined": false
      },
      {
        "text": " ",
        "userDefined": false
      },
      {
        "text": "zebra",
        "alias": "zebra",
        "meta": "@Zebra",
        "userDefined": false
      }
    ],
    "isTemplate": false,
    "count": 0,
    "updated": 0
  }
]