[
  {
    "id": "badb22af-7126-4156-bc2c-fad0c92242ca",
    "data": [
      {
        "text": "Een ",
        "userDefined": false
      },
      {
        "text": "olifant",
        "alias": "Olifant",
        "meta": "@Olifant",
        "userDefined": true
      },
      {
        "text": " volgens mij",
        "userDefined": false
      }
    ],
    "isTemplate": false,
    "count": 0,
    "updated": 0
  },
  {
    "id": "24070379-f367-4f16-89ca-67dcb744db12",
    "data": [
      {
        "text": "Dat is ",
        "userDefined": false
      },
      {
        "text": "een",
        "meta": "@sys.ignore",
        "userDefined": false
      },
      {
        "text": " ",
        "userDefined": false
      },
      {
        "text": "olifant",
        "alias": "Olifant",
        "meta": "@Olifant",
        "userDefined": true
      }
    ],
    "isTemplate": false,
    "count": 0,
    "updated": 0
  },
  {
    "id": "e5b7c38e-3a2e-42a9-be09-1ffc868b0e4e",
    "data": [
      {
        "text": "olifant",
        "alias": "Olifant",
        "meta": "@Olifant",
        "userDefined": true
      }
    ],
    "isTemplate": false,
    "count": 0,
    "updated": 0
  }
]