[
  {
    "id": "ded89b54-af0f-4e24-8051-91acd0ac2f31",
    "data": [
      {
        "text": "Het lijkt op ",
        "userDefined": false
      },
      {
        "text": "een",
        "alias": "number",
        "meta": "@sys.number",
        "userDefined": false
      },
      {
        "text": " ",
        "userDefined": false
      },
      {
        "text": "giraf",
        "alias": "giraffe",
        "meta": "@giraffe",
        "userDefined": false
      }
    ],
    "isTemplate": false,
    "count": 0,
    "updated": 0
  },
  {
    "id": "68e3b5aa-93f3-4115-9f5c-42c1e76de6b0",
    "data": [
      {
        "text": "Dat is ",
        "userDefined": false
      },
      {
        "text": "een",
        "alias": "number",
        "meta": "@sys.number",
        "userDefined": false
      },
      {
        "text": " ",
        "userDefined": false
      },
      {
        "text": "giraffe",
        "alias": "giraffe",
        "meta": "@giraffe",
        "userDefined": false
      }
    ],
    "isTemplate": false,
    "count": 0,
    "updated": 0
  },
  {
    "id": "d717c9ca-ce80-4b40-8df2-53b6f022b89d",
    "data": [
      {
        "text": "giraffe",
        "alias": "giraffe",
        "meta": "@giraffe",
        "userDefined": false
      }
    ],
    "isTemplate": false,
    "count": 0,
    "updated": 0
  }
]