[
  {
    "id": "c8dad0a4-414f-46ea-843d-b0425971ce31",
    "data": [
      {
        "text": "het is ",
        "userDefined": false
      },
      {
        "text": "een",
        "alias": "number",
        "meta": "@sys.number",
        "userDefined": false
      },
      {
        "text": " ",
        "userDefined": false
      },
      {
        "text": "aap",
        "alias": "aap",
        "meta": "@Aap",
        "userDefined": false
      }
    ],
    "isTemplate": false,
    "count": 0,
    "updated": 0
  },
  {
    "id": "b9ed614f-a20c-4363-b283-e407ea001672",
    "data": [
      {
        "text": "aapje",
        "alias": "aap",
        "meta": "@Aap",
        "userDefined": false
      }
    ],
    "isTemplate": false,
    "count": 0,
    "updated": 0
  },
  {
    "id": "1bcab6ab-c20e-4513-9872-41628142f525",
    "data": [
      {
        "text": "aap",
        "alias": "aap",
        "meta": "@Aap",
        "userDefined": false
      }
    ],
    "isTemplate": false,
    "count": 0,
    "updated": 0
  }
]