[
  {
    "id": "c34fc908-3ce2-47d9-88c2-0def7dc0e879",
    "data": [
      {
        "text": "Leeuw",
        "alias": "leeuw",
        "meta": "@leeuw",
        "userDefined": false
      }
    ],
    "isTemplate": false,
    "count": 0,
    "updated": 0
  },
  {
    "id": "22a37fae-42fb-462e-8da1-d48558a45438",
    "data": [
      {
        "text": "Een",
        "meta": "@sys.ignore",
        "userDefined": false
      },
      {
        "text": " ",
        "userDefined": false
      },
      {
        "text": "leeuw",
        "alias": "leeuw",
        "meta": "@leeuw",
        "userDefined": false
      }
    ],
    "isTemplate": false,
    "count": 0,
    "updated": 0
  }
]