[
  {
    "id": "172148d6-23a4-40e8-b2a6-033cb2700af5",
    "data": [
      {
        "text": "Dat is ",
        "userDefined": false
      },
      {
        "text": "een",
        "meta": "@sys.ignore",
        "userDefined": false
      },
      {
        "text": " ",
        "userDefined": false
      },
      {
        "text": "olifant",
        "alias": "Olifant",
        "meta": "@Olifant",
        "userDefined": true
      }
    ],
    "isTemplate": false,
    "count": 0,
    "updated": 0
  },
  {
    "id": "56beee1d-76a7-4ea0-981c-c9f6399c007b",
    "data": [
      {
        "text": "Een",
        "meta": "@sys.ignore",
        "userDefined": false
      },
      {
        "text": " ",
        "userDefined": false
      },
      {
        "text": "olifant",
        "alias": "Olifant",
        "meta": "@Olifant",
        "userDefined": true
      }
    ],
    "isTemplate": false,
    "count": 0,
    "updated": 0
  },
  {
    "id": "59d3ef28-d21c-4022-8ed6-4285dfe569b3",
    "data": [
      {
        "text": "Olifant",
        "alias": "Olifant",
        "meta": "@Olifant",
        "userDefined": true
      }
    ],
    "isTemplate": false,
    "count": 0,
    "updated": 0
  }
]