[
  {
    "id": "dde64ed3-0379-46e1-81f8-3c2b80be9f4f",
    "data": [
      {
        "text": "Dat lijkt op ",
        "userDefined": false
      },
      {
        "text": "een",
        "meta": "@sys.ignore",
        "userDefined": false
      },
      {
        "text": " ",
        "userDefined": false
      },
      {
        "text": "giraffe",
        "alias": "giraffe",
        "meta": "@giraffe",
        "userDefined": false
      }
    ],
    "isTemplate": false,
    "count": 0,
    "updated": 0
  },
  {
    "id": "3774b6c4-d21a-4351-a3fb-247ed988d91b",
    "data": [
      {
        "text": "De ",
        "userDefined": false
      },
      {
        "text": "giraf",
        "alias": "giraffe",
        "meta": "@giraffe",
        "userDefined": false
      }
    ],
    "isTemplate": false,
    "count": 0,
    "updated": 0
  },
  {
    "id": "4bf60445-bdd6-440d-83ee-aa16874f18a5",
    "data": [
      {
        "text": "giraf",
        "alias": "giraffe",
        "meta": "@giraffe",
        "userDefined": false
      }
    ],
    "isTemplate": false,
    "count": 0,
    "updated": 0
  }
]