[
  {
    "id": "e491f311-5e28-4fee-b54a-58211dda4084",
    "data": [
      {
        "text": "De ",
        "userDefined": false
      },
      {
        "text": "aap",
        "alias": "aap",
        "meta": "@Aap",
        "userDefined": false
      }
    ],
    "isTemplate": false,
    "count": 0,
    "updated": 0
  },
  {
    "id": "062237bc-4be5-4303-b79d-3f49977b0001",
    "data": [
      {
        "text": "Aap",
        "alias": "aap",
        "meta": "@Aap",
        "userDefined": false
      }
    ],
    "isTemplate": false,
    "count": 0,
    "updated": 0
  }
]