[
  {
    "id": "28319141-1556-425f-9a56-2cb86e452a86",
    "data": [
      {
        "text": "zebra",
        "alias": "zebra",
        "meta": "@Zebra",
        "userDefined": false
      }
    ],
    "isTemplate": false,
    "count": 0,
    "updated": 0
  },
  {
    "id": "1ec0a52d-5533-405e-b1b1-2962d289e574",
    "data": [
      {
        "text": "De ",
        "userDefined": false
      },
      {
        "text": "zebra",
        "alias": "zebra",
        "meta": "@Zebra",
        "userDefined": false
      }
    ],
    "isTemplate": false,
    "count": 0,
    "updated": 0
  },
  {
    "id": "15d60968-1ef2-4060-ab70-c0f11e7876f0",
    "data": [
      {
        "text": "Waarschijnlijk ",
        "userDefined": false
      },
      {
        "text": "zebra",
        "alias": "zebra",
        "meta": "@Zebra",
        "userDefined": false
      }
    ],
    "isTemplate": false,
    "count": 0,
    "updated": 0
  },
  {
    "id": "a5011267-5d3f-42f3-a308-55a2fdfe960a",
    "data": [
      {
        "text": "Dit is ",
        "userDefined": false
      },
      {
        "text": "een",
        "meta": "@sys.ignore",
        "userDefined": false
      },
      {
        "text": " ",
        "userDefined": false
      },
      {
        "text": "zebra",
        "alias": "zebra",
        "meta": "@Zebra",
        "userDefined": false
      }
    ],
    "isTemplate": false,
    "count": 0,
    "updated": 0
  }
]