[
  {
    "id": "8d99eee6-53b4-4a09-a92e-04e5c0c8316f",
    "data": [
      {
        "text": "Ik wil ",
        "userDefined": false
      },
      {
        "text": "niet meer",
        "alias": "stop",
        "meta": "@stop",
        "userDefined": false
      }
    ],
    "isTemplate": false,
    "count": 0,
    "updated": 0
  },
  {
    "id": "a01166ab-415b-4a90-a1d1-2a2937aa8d37",
    "data": [
      {
        "text": "ik wil ",
        "userDefined": false
      },
      {
        "text": "ophouden",
        "alias": "stop",
        "meta": "@stop",
        "userDefined": false
      }
    ],
    "isTemplate": false,
    "count": 0,
    "updated": 0
  },
  {
    "id": "570bbbda-61c2-4f4d-b091-a608166634b7",
    "data": [
      {
        "text": "ik wil ",
        "userDefined": false
      },
      {
        "text": "stoppen",
        "alias": "stop",
        "meta": "@stop",
        "userDefined": false
      }
    ],
    "isTemplate": false,
    "count": 0,
    "updated": 0
  },
  {
    "id": "b17490be-8925-4d85-a546-7bf36673a73a",
    "data": [
      {
        "text": "stop",
        "alias": "stop",
        "meta": "@stop",
        "userDefined": false
      }
    ],
    "isTemplate": false,
    "count": 0,
    "updated": 0
  }
]